rank,label,loss,number_rmse,parity_tv,column_tv,sum_mean_z,sum_sd_z,range_mean_z,range_sd_z,gap_mean_z,odd_mean_z,transition_tv,recency_strength,parity_after_odd,parity_after_even,parity_after_draw,repeat_column_strength,sum_bucket_0_tilt,sum_bucket_1_tilt,sum_bucket_2_tilt,sum_bucket_3_tilt,digit_sum_strength,global_number_tilt,temperature
0,uniform_baseline,2.15427,0.010002,0.01342,0.020496,0.012731,0.012049,0.006756,0.017697,0.016526,0.019799,0.01597,0.0,0.0,0.0,0.0,0.0,0.0,0.0,0.0,0.0,0.0,0.0,1.0
1,test_eval,2.255898,0.008391,0.015716,0.028284,0.013056,0.008422,0.005259,0.001125,0.017758,0.021075,0.042821,0.234189,0.0,0.0,0.0,-0.01198,-0.013429,0.0,0.0,0.0,0.0,0.0,0.89134
2,test_eval,2.432706,0.008859,0.015284,0.037634,0.012328,0.022765,0.0005,0.005507,0.001183,0.04732,0.019402,0.000344,0.0,0.0,0.0,-0.018611,-0.000661,0.0,0.0,0.0,0.0,0.0,1.0
3,test_eval,2.726893,0.012262,0.00558,0.020074,0.11688,0.012434,0.05997,0.025254,0.003745,0.023076,0.02607,0.093894,0.0,0.0,0.0,-0.010619,0.253022,0.0,0.0,0.0,0.0,0.0,1.337702
4,test_eval,2.140334,0.008048,0.00792,0.030584,0.023966,0.023076,0.026913,0.020768,0.017296,0.016185,0.020204,0.00053,0.0,0.0,0.0,-0.007377,-0.000211,0.0,0.0,0.0,0.0,0.0,1.0
5,test_eval,2.940635,0.009151,0.02342,0.018157,0.133984,0.066339,0.004107,0.011051,0.059546,0.00368,0.050643,0.429804,0.0,0.0,0.0,-0.003368,-0.039198,0.0,0.401157,0.0,0.0,0.0,0.976495
